{
    "Manh\u00e3": 48.0,
    "Segunda": 22.0,
    "Tarde": 49.0,
    "Noite": 58.0,
    "Ter\u00e7a": 21.0,
    "Quarta": 21.0,
    "Quinta": 21.0,
    "Sexta": 21.0,
    "S\u00e1bado": 21.0,
    "Domingo": 21.0,
    "total_geral": 148.0,
    "media_dia": 21.142857142857142,
    "mes_total": 634.2857142857143,
    "ano_simulado": 7611.4285714285725,
    "media_manha": 6.857142857142857,
    "media_tarde": 7.0,
    "media_noite": 8.285714285714286,
    "manha_tarde_100": 8.333333333333334,
    "noite_100": 12.5,
    "dia_100": 20.833333333333336,
    "mes_100": 625.0000000000001,
    "ano_100": 7500.000000000002
}